"English","Code","Scientific","Family","Scientific_BT","Taxonomy"
"Abert's Towhee","ABTO","Melozone aberti","Passerellidae","Pipilo aberti","BL3"
"Acadian Flycatcher","ACFL","Empidonax virescens","Tyrannidae","Empidonax virescens","BL3"
"Acorn Woodpecker","ACWO","Melanerpes formicivorus","Picidae","Melanerpes formicivorus","BL3"
"Alder Flycatcher","ALFL","Empidonax alnorum","Tyrannidae","Empidonax alnorum","BL3"
"Allen's Hummingbird","ALHU","Selasphorus sasin","Trochilidae","Selasphorus sasin","BL3"
"American Crow","AMCR","Corvus brachyrhynchos","Corvidae","Corvus brachyrhynchos","BL3"
"American Dipper","AMDI","Cinclus mexicanus","Cinclidae","Cinclus mexicanus","BL3"
"American Goldfinch","AMGO","Spinus tristis","Fringillidae","Carduelis tristis","BL3"
"American Kestrel","AMKE","Falco sparverius","Falconidae","Falco sparverius","BL3"
"American Pipit","AMPI","Anthus rubescens","Motacillidae","Anthus rubescens","BL3"
"American Redstart","AMRE","Setophaga ruticilla","Parulidae","Setophaga ruticilla","BL3"
"American Robin","AMRO","Turdus migratorius","Turdidae","Turdus migratorius","BL3"
"American Three-toed Woodpecker","ATTW","Picoides dorsalis","Picidae","Picoides dorsalis","BL3"
"American Tree Sparrow","ATSP","Spizelloides arborea","Passerellidae","Spizella arborea","BL3"
"Anna's Hummingbird","ANHU","Calypte anna","Trochilidae","Calypte anna","BL3"
"Antillean Nighthawk","ANNI","Chordeiles gundlachii","Caprimulgidae","Chordeiles gundlachii","BL3"
"Arctic Warbler","ARWA","Phylloscopus borealis","Phylloscopidae","Phylloscopus borealis","BL3"
"Ash-throated Flycatcher","ATFL","Myiarchus cinerascens","Tyrannidae","Myiarchus cinerascens","BL3"
"Bachman's Sparrow","BACS","Peucaea aestivalis","Passerellidae","Aimophila aestivalis","BL3"
"Baird's Sparrow","BAIS","Centronyx bairdii","Passerellidae","Ammodramus bairdii","BL3"
"Bald Eagle","BAEA","Haliaeetus leucocephalus","Accipitridae","Haliaeetus leucocephalus","BL3"
"Baltimore Oriole","BAOR","Icterus galbula","Icteridae","Icterus galbula","BL3"
"Bananaquit","BANA","Coereba flaveola","Thraupidae","Coereba flaveola","BL3"
"Band-tailed Pigeon","BTPI","Patagioenas fasciata","Columbidae","Patagioenas fasciata","BL3"
"Barn Owl","BANO","Tyto alba","Tytonidae","Tyto alba","BL3"
"Barn Swallow","BARS","Hirundo rustica","Hirundinidae","Hirundo rustica","BL3"
"Barred Owl","BADO","Strix varia","Strigidae","Strix varia","BL3"
"Bay-breasted Warbler","BBWA","Setophaga castanea","Parulidae","Dendroica castanea","BL3"
"Bell's Vireo","BEVI","Vireo bellii","Vireonidae","Vireo bellii","BL3"
"Belted Kingfisher","BEKI","Megaceryle alcyon","Alcedinidae","Megaceryle alcyon","BL3"
"Bendire's Thrasher","BETH","Toxostoma bendirei","Mimidae","Toxostoma bendirei","BL3"
"Berylline Hummingbird","BEHU","Saucerottia beryllina","Trochilidae","Amazilia beryllina","BL3"
"Bewick's Wren","BEWR","Thryomanes bewickii","Troglodytidae","Thryomanes bewickii","BL3"
"Black Phoebe","BLPH","Sayornis nigricans","Tyrannidae","Sayornis nigricans","BL3"
"Black Vulture","BLVU","Coragyps atratus","Cathartidae","Coragyps atratus","BL3"
"Black-and-white Warbler","BAWW","Mniotilta varia","Parulidae","Mniotilta varia","BL3"
"Black-backed Woodpecker","BBWO","Picoides arcticus","Picidae","Picoides arcticus","BL3"
"Black-billed Cuckoo","BBCU","Coccyzus erythropthalmus","Cuculidae","Coccyzus erythropthalmus","BL3"
"Black-billed Magpie","BBMA","Pica hudsonia","Corvidae","Pica pica","BL3"
"Black-capped Chickadee","BCCH","Poecile atricapillus","Paridae","Parus atricapillus","BL3"
"Black-capped Gnatcatcher","BCGN","Polioptila nigriceps","Polioptilidae","Polioptila nigriceps","BL3"
"Black-capped Vireo","BCVI","Vireo atricapilla","Vireonidae","Vireo atricapilla","BL3"
"Black-chinned Hummingbird","BCHU","Archilochus alexandri","Trochilidae","Archilochus alexandri","BL3"
"Black-chinned Sparrow","BCSP","Spizella atrogularis","Passerellidae","Spizella atrogularis","BL3"
"Black-crested Titmouse","BCTI","Baeolophus atricristatus","Paridae","Baeolophus atricristatus","BL3"
"Black-headed Grosbeak","BHGR","Pheucticus melanocephalus","Cardinalidae","Pheucticus melanocephalus","BL3"
"Black-tailed Gnatcatcher","BTGN","Polioptila melanura","Polioptilidae","Polioptila melanura","BL3"
"Black-throated Blue Warbler","BTBW","Setophaga caerulescens","Parulidae","Dendroica caerulescens","BL3"
"Black-throated Green Warbler","BTNW","Setophaga virens","Parulidae","Dendroica virens","BL3"
"Black-throated Sparrow","BTSP","Amphispiza bilineata","Passerellidae","Amphispiza bilineata","BL3"
"Black-throated Wren","BTWR","Pheugopedius atrogularis","Troglodytidae","Thryothorus atrogularis","BL3"
"Black-whiskered Vireo","BWVI","Vireo altiloquus","Vireonidae","Vireo altiloquus","BL3"
"Blackburnian Warbler","BLBW","Setophaga fusca","Parulidae","Dendroica fusca","BL3"
"Blackpoll Warbler","BLPW","Setophaga striata","Parulidae","Dendroica striata","BL3"
"Blue Bunting","BLBU","Cyanocompsa parellina","Cardinalidae","Cyanocompsa parellina","BL3"
"Blue Grosbeak","BLGR","Passerina caerulea","Cardinalidae","Passerina caerulea","BL3"
"Blue Jay","BLJA","Cyanocitta cristata","Corvidae","Cyanocitta cristata","BL3"
"Blue-headed Vireo","BHVI","Vireo solitarius","Vireonidae","Vireo solitarius","BL3"
"Blue-winged Warbler","BWWA","Vermivora cyanoptera","Parulidae","Vermivora pinus","BL3"
"Bluethroat","BLUE","Cyanecula svecica","Muscicapidae","Luscinia svecica","BL3"
"Boat-tailed Grackle","BTGR","Quiscalus major","Icteridae","Quiscalus major","BL3"
"Bobolink","BOBO","Dolichonyx oryzivorus","Icteridae","Dolichonyx oryzivorus","BL3"
"Bohemian Waxwing","BOWA","Bombycilla garrulus","Bombycillidae","Bombycilla garrulus","BL3"
"Boreal Chickadee","BOCH","Poecile hudsonicus","Paridae","Parus hudsonicus","BL3"
"Boreal Owl","BOOW","Aegolius funereus","Strigidae","Aegolius funereus","BL3"
"Botteri's Sparrow","BOSP","Peucaea botterii","Passerellidae","Aimophila botterii","BL3"
"Brewer's Blackbird","BRBL","Euphagus cyanocephalus","Icteridae","Euphagus cyanocephalus","BL3"
"Brewer's Sparrow","BRSP","Spizella breweri","Passerellidae","Spizella breweri","BL3"
"Bridled Titmouse","BRTI","Baeolophus wollweberi","Paridae","Baeolophus wollweberi","BL3"
"Broad-tailed Hummingbird","BTHU","Selasphorus platycercus","Trochilidae","Selasphorus platycercus","BL3"
"Broad-winged Hawk","BWHA","Buteo platypterus","Accipitridae","Buteo platypterus","BL3"
"Bronzed Cowbird","BROC","Molothrus aeneus","Icteridae","Molothrus aeneus","BL3"
"Brown Thrasher","BRTH","Toxostoma rufum","Mimidae","Toxostoma rufum","BL3"
"Brown-crested Flycatcher","BCFL","Myiarchus tyrannulus","Tyrannidae","Myiarchus tyrannulus","BL3"
"Brown-headed Cowbird","BHCO","Molothrus ater","Icteridae","Molothrus ater","BL3"
"Brown-headed Nuthatch","BHNU","Sitta pusilla","Sittidae","Sitta pusilla","BL3"
"Bullock's Oriole","BUOR","Icterus bullockii","Icteridae","Icterus bullockii","BL3"
"Burrowing Owl","BUOW","Athene cunicularia","Strigidae","Athene cunicularia","BL3"
"Bushtit","BUSH","Psaltriparus minimus","Aegithalidae","Psaltriparus minimus","BL3"
"Cactus Wren","CACW","Campylorhynchus brunneicapillus","Troglodytidae","Campylorhynchus brunneicapillus","BL3"
"California Quail","CAQU","Callipepla californica","Odontophoridae","Callipepla californica","BL3"
"California Thrasher","CATH","Toxostoma redivivum","Mimidae","Toxostoma redivivum","BL3"
"California Towhee","CALT","Melozone crissalis","Passerellidae","Pipilo crissalis","BL3"
"Calliope Hummingbird","CAHU","Selasphorus calliope","Trochilidae","Stellula calliope","BL3"
"Canada Warbler","CAWA","Cardellina canadensis","Parulidae","Wilsonia canadensis","BL3"
"Canyon Towhee","CANT","Melozone fusca","Passerellidae","Pipilo fuscus","BL3"
"Canyon Wren","CANW","Catherpes mexicanus","Troglodytidae","Catherpes mexicanus","BL3"
"Cape May Warbler","CMWA","Setophaga tigrina","Parulidae","Dendroica tigrina","BL3"
"Caribbean Elaenia","CAEL","Elaenia martinica","Tyrannidae","Elaenia martinica","BL3"
"Carolina Chickadee","CACH","Poecile carolinensis","Paridae","Parus carolinensis","BL3"
"Carolina Wren","CARW","Thryothorus ludovicianus","Troglodytidae","Thryothorus ludovicianus","BL3"
"Cassin's Finch","CAFI","Haemorhous cassinii","Fringillidae","Carpodacus cassinii","BL3"
"Cassin's Kingbird","CAKI","Tyrannus vociferans","Tyrannidae","Tyrannus vociferans","BL3"
"Cassin's Sparrow","CASP","Peucaea cassinii","Passerellidae","Aimophila cassinii","BL3"
"Cassin's Vireo","CAVI","Vireo cassinii","Vireonidae","Vireo cassinii","BL3"
"Cave Swallow","CASW","Petrochelidon fulva","Hirundinidae","Petrochelidon fulva","BL3"
"Cedar Waxwing","CEDW","Bombycilla cedrorum","Bombycillidae","Bombycilla cedrorum","BL3"
"Cerulean Warbler","CERW","Setophaga cerulea","Parulidae","Dendroica cerulea","BL3"
"Chestnut-backed Chickadee","CBCH","Poecile rufescens","Paridae","Parus rufescens","BL3"
"Chestnut-collared Longspur","CCLO","Calcarius ornatus","Calcariidae","Calcarius ornatus","BL3"
"Chestnut-sided Warbler","CSWA","Setophaga pensylvanica","Parulidae","Dendroica pensylvanica","BL3"
"Chihuahuan Raven","CHRA","Corvus cryptoleucus","Corvidae","Corvus cryptoleucus","BL3"
"Chimney Swift","CHSW","Chaetura pelagica","Apodidae","Chaetura pelagica","BL3"
"Chipping Sparrow","CHSP","Spizella passerina","Passerellidae","Spizella passerina","BL3"
"Chuck-will's-widow","CWWI","Antrostomus carolinensis","Caprimulgidae","Caprimulgus carolinensis","BL3"
"Chukar","CHUK","Alectoris chukar","Phasianidae","Alectoris chukar","BL3"
"Cinnamon Hummingbird","CIHU","Amazilia rutila","Trochilidae","Amazilia rutila","BL3"
"Clark's Nutcracker","CLNU","Nucifraga columbiana","Corvidae","Nucifraga columbiana","BL3"
"Cliff Swallow","CLSW","Petrochelidon pyrrhonota","Hirundinidae","Petrochelidon pyrrhonota","BL3"
"Cocoa Woodcreeper","COWO","Xiphorhynchus susurrans","Furnariidae","Xiphorhynchus susurrans","BL3"
"Common Grackle","COGR","Quiscalus quiscula","Icteridae","Quiscalus quiscula","BL3"
"Common Myna","COMY","Acridotheres tristis","Sturnidae","Acridotheres tristis","BL3"
"Common Nighthawk","CONI","Chordeiles minor","Caprimulgidae","Chordeiles minor","BL3"
"Common Poorwill","COPO","Phalaenoptilus nuttallii","Caprimulgidae","Phalaenoptilus nuttallii","BL3"
"Common Raven","CORA","Corvus corax","Corvidae","Corvus corax","BL3"
"Common Redpoll","CORE","Acanthis flammea","Fringillidae","Carduelis flammea","BL3"
"Common Yellowthroat","COYE","Geothlypis trichas","Parulidae","Geothlypis trichas","BL3"
"Connecticut Warbler","CONW","Oporornis agilis","Parulidae","Oporornis agilis","BL3"
"Cooper's Hawk","COHA","Accipiter cooperii","Accipitridae","Accipiter cooperii","BL3"
"Cordilleran Flycatcher","COFL","Empidonax occidentalis","Tyrannidae","Empidonax occidentalis","BL3"
"Costa's Hummingbird","COHU","Calypte costae","Trochilidae","Calypte costae","BL3"
"Crested Caracara","CRCA","Caracara cheriway","Falconidae","Caracara cheriway","BL3"
"Crested Owl","CROW","Lophostrix cristata","Strigidae","Lophostrix cristata","BL3"
"Crissal Thrasher","CRTH","Toxostoma crissale","Mimidae","Toxostoma crissale","BL3"
"Curve-billed Thrasher","CBTH","Toxostoma curvirostre","Mimidae","Toxostoma curvirostre","BL3"
"Dark-eyed Junco","DEJU","Junco hyemalis","Passerellidae","Junco hyemalis","BL3"
"Dickcissel","DICK","Spiza americana","Cardinalidae","Spiza americana","BL3"
"Downy Woodpecker","DOWO","Dryobates pubescens","Picidae","Picoides pubescens","BL3"
"Dusky Grouse","DUGR","Dendragapus obscurus","Phasianidae","Dendragapus obscurus","BL3"
"Dusky-capped Flycatcher","DCFL","Myiarchus tuberculifer","Tyrannidae","Myiarchus tuberculifer","BL3"
"Eastern Bluebird","EABL","Sialia sialis","Turdidae","Sialia sialis","BL3"
"Eastern Kingbird","EAKI","Tyrannus tyrannus","Tyrannidae","Tyrannus tyrannus","BL3"
"Eastern Meadowlark","EAME","Sturnella magna","Icteridae","Sturnella magna","BL3"
"Eastern Phoebe","EAPH","Sayornis phoebe","Tyrannidae","Sayornis phoebe","BL3"
"Eastern Towhee","EATO","Pipilo erythrophthalmus","Passerellidae","Pipilo erythrophthalmus","BL3"
"Elegant Trogon","ELTR","Trogon elegans","Trogonidae","Trogon elegans","BL3"
"Eurasian Tree Sparrow","ETSP","Passer montanus","Passeridae","Passer montanus","BL3"
"Evening Grosbeak","EVGR","Coccothraustes vespertinus","Fringillidae","Coccothraustes vespertinus","BL3"
"Ferruginous Hawk","FEHA","Buteo regalis","Accipitridae","Buteo regalis","BL3"
"Field Sparrow","FISP","Spizella pusilla","Passerellidae","Spizella pusilla","BL3"
"Fish Crow","FICR","Corvus ossifragus","Corvidae","Corvus ossifragus","BL3"
"Flammulated Flycatcher","FLFL","Deltarhynchus flammulatus","Tyrannidae","Deltarhynchus flammulatus","BL3"
"Flammulated Owl","FLOW","Psiloscops flammeolus","Strigidae","Otus flammeolus","BL3"
"Fork-tailed Flycatcher","FTFL","Tyrannus savana","Tyrannidae","Tyrannus savana","BL3"
"Fox Sparrow","FOSP","Passerella iliaca","Passerellidae","Passerella iliaca","BL3"
"Gambel's Quail","GAQU","Callipepla gambelii","Odontophoridae","Callipepla gambelii","BL3"
"Gila Woodpecker","GIWO","Melanerpes uropygialis","Picidae","Melanerpes uropygialis","BL3"
"Gilded Flicker","GIFL","Colaptes chrysoides","Picidae","Colaptes chrysoides","BL3"
"Golden Eagle","GOEA","Aquila chrysaetos","Accipitridae","Aquila chrysaetos","BL3"
"Golden-crowned Kinglet","GCKI","Regulus satrapa","Regulidae","Regulus satrapa","BL3"
"Golden-crowned Sparrow","GCSP","Zonotrichia atricapilla","Passerellidae","Zonotrichia atricapilla","BL3"
"Golden-fronted Woodpecker","GFWO","Melanerpes aurifrons","Picidae","Melanerpes aurifrons","BL3"
"Golden-winged Warbler","GWWA","Vermivora chrysoptera","Parulidae","Vermivora chrysoptera","BL3"
"Grace's Warbler","GRWA","Setophaga graciae","Parulidae","Dendroica graciae","BL3"
"Grasshopper Sparrow","GRSP","Ammodramus savannarum","Passerellidae","Ammodramus savannarum","BL3"
"Great Crested Flycatcher","GCFL","Myiarchus crinitus","Tyrannidae","Myiarchus crinitus","BL3"
"Great Horned Owl","GHOW","Bubo virginianus","Strigidae","Bubo virginianus","BL3"
"Great-tailed Grackle","GTGR","Quiscalus mexicanus","Icteridae","Quiscalus mexicanus","BL3"
"Greater Pewee","GRPE","Contopus pertinax","Tyrannidae","Contopus pertinax","BL3"
"Greater Roadrunner","GRRO","Geococcyx californianus","Cuculidae","Geococcyx californianus","BL3"
"Green-tailed Towhee","GTTO","Pipilo chlorurus","Passerellidae","Pipilo chlorurus","BL3"
"Groove-billed Ani","GBAN","Crotophaga sulcirostris","Cuculidae","Crotophaga sulcirostris","BL3"
"Hairy Woodpecker","HAWO","Dryobates villosus","Picidae","Picoides villosus","BL3"
"Hammond's Flycatcher","HAFL","Empidonax hammondii","Tyrannidae","Empidonax hammondii","BL3"
"Happy Wren","HAWR","Pheugopedius felix","Troglodytidae","Thryothorus felix","BL3"
"Harris's Sparrow","HASP","Zonotrichia querula","Passerellidae","Zonotrichia querula","BL3"
"Henslow's Sparrow","HESP","Centronyx henslowii","Passerellidae","Ammodramus henslowii","BL3"
"Hepatic Tanager","HETA","Piranga flava","Cardinalidae","Piranga flava","BL3"
"Hermit Thrush","HETH","Catharus guttatus","Turdidae","Catharus guttatus","BL3"
"Hermit Warbler","HEWA","Setophaga occidentalis","Parulidae","Dendroica occidentalis","BL3"
"Hoary Redpoll","HORE","Acanthis hornemanni","Fringillidae","Carduelis hornemanni","BL3"
"Hoffmann's Woodpecker","HOWO","Melanerpes hoffmannii","Picidae","Melanerpes hoffmannii","BL3"
"Hooded Grosbeak","HOOG","Coccothraustes abeillei","Fringillidae","Coccothraustes abeillei","BL3"
"Hooded Oriole","HOOR","Icterus cucullatus","Icteridae","Icterus cucullatus","BL3"
"Hooded Warbler","HOWA","Setophaga citrina","Parulidae","Wilsonia citrina","BL3"
"Horned Lark","HOLA","Eremophila alpestris","Alaudidae","Eremophila alpestris","BL3"
"House Finch","HOFI","Haemorhous mexicanus","Fringillidae","Carpodacus mexicanus","BL3"
"House Sparrow","HOSP","Passer domesticus","Passeridae","Passer domesticus","BL3"
"House Wren","HOWR","Troglodytes aedon","Troglodytidae","Troglodytes aedon","BL3"
"Hutton's Vireo","HUVI","Vireo huttoni","Vireonidae","Vireo huttoni","BL3"
"Inca Dove","INDO","Columbina inca","Columbidae","Columbina inca","BL3"
"Indigo Bunting","INBU","Passerina cyanea","Cardinalidae","Passerina cyanea","BL3"
"Juniper Titmouse","JUTI","Baeolophus ridgwayi","Paridae","Baeolophus ridgwayi","BL3"
"Kentucky Warbler","KEWA","Geothlypis formosa","Parulidae","Oporornis formosus","BL3"
"Kirtland's Warbler","KIWA","Setophaga kirtlandii","Parulidae","Dendroica kirtlandii","BL3"
"Ladder-backed Woodpecker","LBWO","Dryobates scalaris","Picidae","Picoides scalaris","BL3"
"Lapland Longspur","LALO","Calcarius lapponicus","Calcariidae","Calcarius lapponicus","BL3"
"Lark Bunting","LARB","Calamospiza melanocorys","Passerellidae","Calamospiza melanocorys","BL3"
"Lark Sparrow","LASP","Chondestes grammacus","Passerellidae","Chondestes grammacus","BL3"
"Lawrence's Goldfinch","LAGO","Spinus lawrencei","Fringillidae","Carduelis lawrencei","BL3"
"Lazuli Bunting","LAZB","Passerina amoena","Cardinalidae","Passerina amoena","BL3"
"Least Flycatcher","LEFL","Empidonax minimus","Tyrannidae","Empidonax minimus","BL3"
"Lesser Goldfinch","LEGO","Spinus psaltria","Fringillidae","Carduelis psaltria","BL3"
"Lesser Nighthawk","LENI","Chordeiles acutipennis","Caprimulgidae","Chordeiles acutipennis","BL3"
"Lewis's Woodpecker","LEWO","Melanerpes lewis","Picidae","Melanerpes lewis","BL3"
"Lincoln's Sparrow","LISP","Melospiza lincolnii","Passerellidae","Melospiza lincolnii","BL3"
"Loggerhead Shrike","LOSH","Lanius ludovicianus","Laniidae","Lanius ludovicianus","BL3"
"Long-eared Owl","LEOW","Asio otus","Strigidae","Asio otus","BL3"
"Louisiana Waterthrush","LOWA","Parkesia motacilla","Parulidae","Seiurus motacilla","BL3"
"Lucy's Warbler","LUWA","Leiothlypis luciae","Parulidae","Vermivora luciae","BL3"
"MacGillivray's Warbler","MGWA","Geothlypis tolmiei","Parulidae","Oporornis tolmiei","BL3"
"Magnolia Warbler","MAWA","Setophaga magnolia","Parulidae","Dendroica magnolia","BL3"
"Mangrove Cuckoo","MACU","Coccyzus minor","Cuculidae","Coccyzus minor","BL3"
"Mangrove Hummingbird","MAHU","Amazilia boucardi","Trochilidae","Amazilia boucardi","BL3"
"Marsh Wren","MAWR","Cistothorus palustris","Troglodytidae","Cistothorus palustris","BL3"
"Merlin","MERL","Falco columbarius","Falconidae","Falco columbarius","BL3"
"Mexican Chickadee","MECH","Poecile sclateri","Paridae","Parus sclateri","BL3"
"Mexican Jay","MEJA","Aphelocoma wollweberi","Corvidae","Aphelocoma ultramarina","BL3"
"Mississippi Kite","MIKI","Ictinia mississippiensis","Accipitridae","Ictinia mississippiensis","BL3"
"Monk Parakeet","MOPA","Myiopsitta monachus","Psittacidae","Myiopsitta monachus","BL3"
"Montezuma Quail","MONQ","Cyrtonyx montezumae","Odontophoridae","Cyrtonyx montezumae","BL3"
"Mountain Bluebird","MOBL","Sialia currucoides","Turdidae","Sialia currucoides","BL3"
"Mountain Chickadee","MOCH","Poecile gambeli","Paridae","Parus gambeli","BL3"
"Mountain Quail","MOUQ","Oreortyx pictus","Odontophoridae","Oreortyx pictus","BL3"
"Mourning Dove","MODO","Zenaida macroura","Columbidae","Zenaida macroura","BL3"
"Mourning Warbler","MOWA","Geothlypis philadelphia","Parulidae","Oporornis philadelphia","BL3"
"Nashville Warbler","NAWA","Leiothlypis ruficapilla","Parulidae","Vermivora ruficapilla","BL3"
"Nelson's Sparrow","NESP","Ammospiza nelsoni","Passerellidae","Ammodramus nelsoni","BL3"
"Northern Bobwhite","NOBO","Colinus virginianus","Odontophoridae","Colinus virginianus","BL3"
"Northern Cardinal","NOCA","Cardinalis cardinalis","Cardinalidae","Cardinalis cardinalis","BL3"
"Northern Flicker","NOFL","Colaptes auratus","Picidae","Colaptes auratus","BL3"
"Northern Goshawk","NOGO","Accipiter gentilis","Accipitridae","Accipiter gentilis","BL3"
"Northern Harrier","NOHA","Circus hudsonius","Accipitridae","Circus cyaneus","BL3"
"Northern Hawk Owl","NHOW","Surnia ulula","Strigidae","Surnia ulula","BL3"
"Northern Mockingbird","NOMO","Mimus polyglottos","Mimidae","Mimus polyglottos","BL3"
"Northern Parula","NOPA","Setophaga americana","Parulidae","Parula americana","BL3"
"Northern Rough-winged Swallow","NRWS","Stelgidopteryx serripennis","Hirundinidae","Stelgidopteryx serripennis","BL3"
"Northern Saw-whet Owl","NSWO","Aegolius acadicus","Strigidae","Aegolius acadicus","BL3"
"Northern Waterthrush","NOWA","Parkesia noveboracensis","Parulidae","Seiurus noveboracensis","BL3"
"Northern Wheatear","NOWH","Oenanthe oenanthe","Muscicapidae","Oenanthe oenanthe","BL3"
"Nuttall's Woodpecker","NUWO","Dryobates nuttallii","Picidae","Picoides nuttallii","BL3"
"Nutting's Flycatcher","NUFL","Myiarchus nuttingi","Tyrannidae","Myiarchus nuttingi","BL3"
"Oak Titmouse","OATI","Baeolophus inornatus","Paridae","Baeolophus inornatus","BL3"
"Olive Warbler","OLWA","Peucedramus taeniatus","Peucedramidae","Peucedramus taeniatus","BL3"
"Olive-sided Flycatcher","OSFL","Contopus cooperi","Tyrannidae","Contopus cooperi","BL3"
"Orange-breasted Bunting","OBBU","Passerina leclancherii","Cardinalidae","Passerina leclancherii","BL3"
"Orange-crowned Warbler","OCWA","Leiothlypis celata","Parulidae","Vermivora celata","BL3"
"Orchard Oriole","OROR","Icterus spurius","Icteridae","Icterus spurius","BL3"
"Osprey","OSPR","Pandion haliaetus","Pandionidae","Pandion haliaetus","BL3"
"Ovenbird","OVEN","Seiurus aurocapilla","Parulidae","Seiurus aurocapilla","BL3"
"Pacific-slope Flycatcher","PSFL","Empidonax difficilis","Tyrannidae","Empidonax difficilis","BL3"
"Painted Bunting","PABU","Passerina ciris","Cardinalidae","Passerina ciris","BL3"
"Painted Redstart","PARE","Myioborus pictus","Parulidae","Myioborus pictus","BL3"
"Palm Warbler","PAWA","Setophaga palmarum","Parulidae","Dendroica palmarum","BL3"
"Peregrine Falcon","PEFA","Falco peregrinus","Falconidae","Falco peregrinus","BL3"
"Phainopepla","PHAI","Phainopepla nitens","Ptiliogonatidae","Phainopepla nitens","BL3"
"Philadelphia Vireo","PHVI","Vireo philadelphicus","Vireonidae","Vireo philadelphicus","BL3"
"Pileated Woodpecker","PIWO","Dryocopus pileatus","Picidae","Dryocopus pileatus","BL3"
"Pine Grosbeak","PIGR","Pinicola enucleator","Fringillidae","Pinicola enucleator","BL3"
"Pine Siskin","PISI","Spinus pinus","Fringillidae","Carduelis pinus","BL3"
"Pine Warbler","PIWA","Setophaga pinus","Parulidae","Dendroica pinus","BL3"
"Pinyon Jay","PIJA","Gymnorhinus cyanocephalus","Corvidae","Gymnorhinus cyanocephalus","BL3"
"Plumbeous Vireo","PLVI","Vireo plumbeus","Vireonidae","Vireo plumbeus","BL3"
"Prairie Falcon","PRFA","Falco mexicanus","Falconidae","Falco mexicanus","BL3"
"Prairie Warbler","PRAW","Setophaga discolor","Parulidae","Dendroica discolor","BL3"
"Prothonotary Warbler","PROW","Protonotaria citrea","Parulidae","Protonotaria citrea","BL3"
"Purple Finch","PUFI","Haemorhous purpureus","Fringillidae","Carpodacus purpureus","BL3"
"Purple Martin","PUMA","Progne subis","Hirundinidae","Progne subis","BL3"
"Pygmy Nuthatch","PYNU","Sitta pygmaea","Sittidae","Sitta pygmaea","BL3"
"Pyrrhuloxia","PYRR","Cardinalis sinuatus","Cardinalidae","Cardinalis sinuatus","BL3"
"Red Crossbill","RECR","Loxia curvirostra","Fringillidae","Loxia curvirostra","BL3"
"Red Warbler","REWA","Cardellina rubra","Parulidae","Ergaticus ruber","BL3"
"Red-bellied Woodpecker","RBWO","Melanerpes carolinus","Picidae","Melanerpes carolinus","BL3"
"Red-breasted Nuthatch","RBNU","Sitta canadensis","Sittidae","Sitta canadensis","BL3"
"Red-breasted Sapsucker","RBSA","Sphyrapicus ruber","Picidae","Sphyrapicus ruber","BL3"
"Red-cockaded Woodpecker","RCWO","Dryobates borealis","Picidae","Picoides borealis","BL3"
"Red-eyed Vireo","REVI","Vireo olivaceus","Vireonidae","Vireo olivaceus","BL3"
"Red-faced Warbler","RFWA","Cardellina rubrifrons","Parulidae","Cardellina rubrifrons","BL3"
"Red-headed Woodpecker","RHWO","Melanerpes erythrocephalus","Picidae","Melanerpes erythrocephalus","BL3"
"Red-naped Sapsucker","RNSA","Sphyrapicus nuchalis","Picidae","Sphyrapicus nuchalis","BL3"
"Red-shouldered Hawk","RSHA","Buteo lineatus","Accipitridae","Buteo lineatus","BL3"
"Red-tailed Hawk","RTHA","Buteo jamaicensis","Accipitridae","Buteo jamaicensis","BL3"
"Red-winged Blackbird","RWBL","Agelaius phoeniceus","Icteridae","Agelaius phoeniceus","BL3"
"Ringed Kingfisher","RIKI","Megaceryle torquata","Alcedinidae","Megaceryle torquata","BL3"
"Rock Pigeon","ROPI","Columba livia","Columbidae","Columba livia","BL3"
"Rock Ptarmigan","ROPT","Lagopus muta","Phasianidae","Lagopus muta","BL3"
"Rock Wren","ROWR","Salpinctes obsoletus","Troglodytidae","Salpinctes obsoletus","BL3"
"Rose-breasted Grosbeak","RBGR","Pheucticus ludovicianus","Cardinalidae","Pheucticus ludovicianus","BL3"
"Rough-legged Hawk","RLHA","Buteo lagopus","Accipitridae","Buteo lagopus","BL3"
"Ruby-crowned Kinglet","RCKI","Regulus calendula","Regulidae","Regulus calendula","BL3"
"Ruby-throated Hummingbird","RTHU","Archilochus colubris","Trochilidae","Archilochus colubris","BL3"
"Ruffed Grouse","RUGR","Bonasa umbellus","Phasianidae","Bonasa umbellus","BL3"
"Rufous Hummingbird","RUHU","Selasphorus rufus","Trochilidae","Selasphorus rufus","BL3"
"Rufous-crowned Sparrow","RCSP","Aimophila ruficeps","Passerellidae","Aimophila ruficeps","BL3"
"Rufous-winged Sparrow","RWSP","Peucaea carpalis","Passerellidae","Aimophila carpalis","BL3"
"Rusty Blackbird","RUBL","Euphagus carolinus","Icteridae","Euphagus carolinus","BL3"
"Sage Thrasher","SATH","Oreoscoptes montanus","Mimidae","Oreoscoptes montanus","BL3"
"Savannah Sparrow","SAVS","Passerculus sandwichensis","Passerellidae","Passerculus sandwichensis","BL3"
"Say's Phoebe","SAPH","Sayornis saya","Tyrannidae","Sayornis saya","BL3"
"Scaled Quail","SCQU","Callipepla squamata","Odontophoridae","Callipepla squamata","BL3"
"Scarlet Tanager","SCTA","Piranga olivacea","Cardinalidae","Piranga olivacea","BL3"
"Scissor-tailed Flycatcher","STFL","Tyrannus forficatus","Tyrannidae","Tyrannus forficatus","BL3"
"Scott's Oriole","SCOR","Icterus parisorum","Icteridae","Icterus parisorum","BL3"
"Seaside Sparrow","SESP","Ammospiza maritima","Passerellidae","Ammodramus maritimus","BL3"
"Sedge Wren","SEWR","Cistothorus platensis","Troglodytidae","Cistothorus platensis","BL3"
"Sharp-shinned Hawk","SSHA","Accipiter striatus","Accipitridae","Accipiter striatus","BL3"
"Sharp-tailed Grouse","STGR","Tympanuchus phasianellus","Phasianidae","Tympanuchus phasianellus","BL3"
"Shiny Cowbird","SHCO","Molothrus bonariensis","Icteridae","Molothrus bonariensis","BL3"
"Short-eared Owl","SEOW","Asio flammeus","Strigidae","Asio flammeus","BL3"
"Short-tailed Hawk","STHA","Buteo brachyurus","Accipitridae","Buteo brachyurus","BL3"
"Short-tailed Swift","STSW","Chaetura brachyura","Apodidae","Chaetura brachyura","BL3"
"Sinaloa Wren","SIWR","Thryophilus sinaloa","Troglodytidae","Thryothorus sinaloa","BL3"
"Smith's Longspur","SMLO","Calcarius pictus","Calcariidae","Calcarius pictus","BL3"
"Smooth-billed Ani","SBAN","Crotophaga ani","Cuculidae","Crotophaga ani","BL3"
"Snow Bunting","SNBU","Plectrophenax nivalis","Calcariidae","Plectrophenax nivalis","BL3"
"Snowy Owl","SNOW","Bubo scandiacus","Strigidae","Bubo scandiaca","BL3"
"Social Flycatcher","SOFL","Myiozetetes similis","Tyrannidae","Myiozetetes similis","BL3"
"Song Sparrow","SOSP","Melospiza melodia","Passerellidae","Melospiza melodia","BL3"
"Sooty Grouse","SOGR","Dendragapus fuliginosus","Phasianidae","Dendragapus fuliginosus","BL3"
"Spotted Owl","SPOW","Strix occidentalis","Strigidae","Strix occidentalis","BL3"
"Spotted Towhee","SPTO","Pipilo maculatus","Passerellidae","Pipilo maculatus","BL3"
"Spotted Woodcreeper","SPWO","Xiphorhynchus erythropygius","Furnariidae","Xiphorhynchus erythropygius","BL3"
"Sprague's Pipit","SPPI","Anthus spragueii","Motacillidae","Anthus spragueii","BL3"
"Spruce Grouse","SPGR","Falcipennis canadensis","Phasianidae","Dendragapus canadensis","BL3"
"Steller's Jay","STJA","Cyanocitta stelleri","Corvidae","Cyanocitta stelleri","BL3"
"Summer Tanager","SUTA","Piranga rubra","Cardinalidae","Piranga rubra","BL3"
"Swainson's Hawk","SWHA","Buteo swainsoni","Accipitridae","Buteo swainsoni","BL3"
"Swainson's Thrush","SWTH","Catharus ustulatus","Turdidae","Catharus ustulatus","BL3"
"Swainson's Warbler","SWWA","Limnothlypis swainsonii","Parulidae","Limnothlypis swainsonii","BL3"
"Swamp Sparrow","SWSP","Melospiza georgiana","Passerellidae","Melospiza georgiana","BL3"
"Tennessee Warbler","TEWA","Leiothlypis peregrina","Parulidae","Vermivora peregrina","BL3"
"Thick-billed Kingbird","TBKI","Tyrannus crassirostris","Tyrannidae","Tyrannus crassirostris","BL3"
"Townsend's Solitaire","TOSO","Myadestes townsendi","Turdidae","Myadestes townsendi","BL3"
"Townsend's Warbler","TOWA","Setophaga townsendi","Parulidae","Dendroica townsendi","BL3"
"Tree Swallow","TRES","Tachycineta bicolor","Hirundinidae","Tachycineta bicolor","BL3"
"Tufted Titmouse","TUTI","Baeolophus bicolor","Paridae","Baeolophus bicolor","BL3"
"Turkey Vulture","TUVU","Cathartes aura","Cathartidae","Cathartes aura","BL3"
"Varied Bunting","VABU","Passerina versicolor","Cardinalidae","Passerina versicolor","BL3"
"Varied Thrush","VATH","Ixoreus naevius","Turdidae","Zoothera naevia","BL3"
"Vaux's Swift","VASW","Chaetura vauxi","Apodidae","Chaetura vauxi","BL3"
"Veery","VEER","Catharus fuscescens","Turdidae","Catharus fuscescens","BL3"
"Verdin","VERD","Auriparus flaviceps","Remizidae","Auriparus flaviceps","BL3"
"Vermilion Flycatcher","VEFL","Pyrocephalus rubinus","Tyrannidae","Pyrocephalus rubinus","BL3"
"Vesper Sparrow","VESP","Pooecetes gramineus","Passerellidae","Pooecetes gramineus","BL3"
"Violet-green Swallow","VGSW","Tachycineta thalassina","Hirundinidae","Tachycineta thalassina","BL3"
"Virginia's Warbler","VIWA","Leiothlypis virginiae","Parulidae","Vermivora virginiae","BL3"
"Warbling Vireo","WAVI","Vireo gilvus","Vireonidae","Vireo gilvus","BL3"
"Wedge-billed Woodcreeper","WBWO","Glyphorynchus spirurus","Furnariidae","Glyphorynchus spirurus","BL3"
"Western Bluebird","WEBL","Sialia mexicana","Turdidae","Sialia mexicana","BL3"
"Western Kingbird","WEKI","Tyrannus verticalis","Tyrannidae","Tyrannus verticalis","BL3"
"Western Meadowlark","WEME","Sturnella neglecta","Icteridae","Sturnella neglecta","BL3"
"Western Tanager","WETA","Piranga ludoviciana","Cardinalidae","Piranga ludoviciana","BL3"
"White-breasted Nuthatch","WBNU","Sitta carolinensis","Sittidae","Sitta carolinensis","BL3"
"White-crowned Pigeon","WCPI","Patagioenas leucocephala","Columbidae","Patagioenas leucocephala","BL3"
"White-crowned Sparrow","WCSP","Zonotrichia leucophrys","Passerellidae","Zonotrichia leucophrys","BL3"
"White-eyed Vireo","WEVI","Vireo griseus","Vireonidae","Vireo griseus","BL3"
"White-headed Woodpecker","WHWO","Dryobates albolarvatus","Picidae","Picoides albolarvatus","BL3"
"White-naped Swift","WNSW","Streptoprocne semicollaris","Apodidae","Streptoprocne semicollaris","BL3"
"White-striped Woodcreeper","WSWO","Lepidocolaptes leucogaster","Furnariidae","Lepidocolaptes leucogaster","BL3"
"White-tailed Kite","WTKI","Elanus leucurus","Accipitridae","Elanus leucurus","BL3"
"White-tailed Ptarmigan","WTPT","Lagopus leucura","Phasianidae","Lagopus leucura","BL3"
"White-throated Flycatcher","WTFL","Empidonax albigularis","Tyrannidae","Empidonax albigularis","BL3"
"White-throated Sparrow","WTSP","Zonotrichia albicollis","Passerellidae","Zonotrichia albicollis","BL3"
"White-throated Swift","WTSW","Aeronautes saxatalis","Apodidae","Aeronautes saxatalis","BL3"
"White-winged Crossbill","WWCR","Loxia leucoptera","Fringillidae","Loxia leucoptera","BL3"
"White-winged Dove","WWDO","Zenaida asiatica","Columbidae","Zenaida asiatica","BL3"
"Wild Turkey","WITU","Meleagris gallopavo","Phasianidae","Meleagris gallopavo","BL3"
"Williamson's Sapsucker","WISA","Sphyrapicus thyroideus","Picidae","Sphyrapicus thyroideus","BL3"
"Willow Flycatcher","WIFL","Empidonax traillii","Tyrannidae","Empidonax traillii","BL3"
"Willow Ptarmigan","WIPT","Lagopus lagopus","Phasianidae","Lagopus lagopus","BL3"
"Wilson's Warbler","WIWA","Cardellina pusilla","Parulidae","Wilsonia pusilla","BL3"
"Winter Wren","WIWR","Troglodytes hiemalis","Troglodytidae","Troglodytes troglodytes","BL3"
"Wood Thrush","WOTH","Hylocichla mustelina","Turdidae","Hylocichla mustelina","BL3"
"Worm-eating Warbler","WEWA","Helmitheros vermivorum","Parulidae","Helmitheros vermivorum","BL3"
"Worthen's Sparrow","WOSP","Spizella wortheni","Passerellidae","Spizella wortheni","BL3"
"Wrentit","WREN","Chamaea fasciata","Sylviidae","Chamaea fasciata","BL3"
"Yellow Warbler","YEWA","Setophaga petechia","Parulidae","Dendroica petechia","BL3"
"Yellow-bellied Flycatcher","YBFL","Empidonax flaviventris","Tyrannidae","Empidonax flaviventris","BL3"
"Yellow-bellied Sapsucker","YBSA","Sphyrapicus varius","Picidae","Sphyrapicus varius","BL3"
"Yellow-billed Cuckoo","YBCU","Coccyzus americanus","Cuculidae","Coccyzus americanus","BL3"
"Yellow-billed Magpie","YBMA","Pica nuttalli","Corvidae","Pica nuttalli","BL3"
"Yellow-breasted Chat","YBCH","Icteria virens","Icteriidae","Icteria virens","BL3"
"Yellow-eyed Junco","YEJU","Junco phaeonotus","Passerellidae","Junco phaeonotus","BL3"
"Yellow-faced Grassquit","YFGR","Tiaris olivaceus","Thraupidae","Tiaris olivaceus","BL3"
"Yellow-headed Blackbird","YHBL","Xanthocephalus xanthocephalus","Icteridae","Xanthocephalus xanthocephalus","BL3"
"Yellow-rumped Warbler","YRWA","Setophaga coronata","Parulidae","Dendroica coronata","BL3"
"Yellow-throated Vireo","YTVI","Vireo flavifrons","Vireonidae","Vireo flavifrons","BL3"
"Yellow-throated Warbler","YTWA","Setophaga dominica","Parulidae","Dendroica dominica","BL3"
"Zenaida Dove","ZEND","Zenaida aurita","Columbidae","Zenaida aurita","BL3"
"Zone-tailed Hawk","ZTHA","Buteo albonotatus","Accipitridae","Buteo albonotatus","BL3"
"Black Swift","BLSW","Cypseloides niger","Apodidae","Cypseloides niger","BL3"
"Dusky Flycatcher","DUFL","Empidonax oberholseri","Tyrannidae","Empidonax oberholseri","BL3"
"Swallow-tailed Kite","STKI","Elanoides forficatus","Accipitridae","Elanoides forficatus","BL3"
"Brown Creeper","BRCR","Certhia americana","Certhiidae","Certhia americana","BL3"
"Black Rosy-Finch","BLRF","Leucosticte atrata","Fringillidae","Leucosticte atrata","BL3"
"Blue-gray Gnatcatcher","BGGN","Polioptila caerulea","Polioptilidae","Polioptila caerulea","BL3"
"Brown-capped Rosy-Finch","BCRF","Leucosticte australis","Fringillidae","Leucosticte australis","BL3"
"Clay-colored Sparrow","CCSP","Spizella pallida","Passerellidae","Spizella pallida","BL3"
"Common Ground Dove","CGDO","Columbina passerina","Columbidae","Columbina passerina","BL3"
"Ring-necked Pheasant","RNEP","Phasianus colchicus","Phasianidae","Phasianus colchicus","BL3"
"European Starling","EUST","Sturnus vulgaris","Sturnidae","Sturnus vulgaris","BL3"
"Eastern Screech-Owl","EASO","Megascops asio","Strigidae","Megascops asio","BL3"
"Eastern Wood-Pewee","EAWP","Contopus virens","Tyrannidae","Contopus virens","BL3"
"Eurasian Collared-Dove","EUCD","Streptopelia decaocto","Columbidae","Streptopelia decaocto","BL3"
"Flame-colored Tanager","FCTA","Piranga bidentata","Cardinalidae","Piranga bidentata","BL3"
"Florida Scrub-Jay","FLSJ","Aphelocoma coerulescens","Corvidae","Aphelocoma coerulescens","BL3"
"Gray-crowned Rosy-Finch","GCRF","Leucosticte tephrocotis","Fringillidae","Leucosticte tephrocotis","BL3"
"Great Gray Owl","GGOW","Strix nebulosa","Strigidae","Strix nebulosa","BL3"
"Greater Prairie-Chicken","GRPC","Tympanuchus cupido","Phasianidae","Tympanuchus cupido","BL3"
"Greater Sage-Grouse","GRSG","Centrocercus urophasianus","Phasianidae","Centrocercus urophasianus","BL3"
"Gray Catbird","GRCA","Dumetella carolinensis","Mimidae","Dumetella carolinensis","BL3"
"Gray Flycatcher","GRFL","Empidonax wrightii","Tyrannidae","Empidonax wrightii","BL3"
"Canada Jay","CAJA","Perisoreus canadensis","Corvidae","Perisoreus canadensis","BL3"
"Gray Kingbird","GRAK","Tyrannus dominicensis","Tyrannidae","Tyrannus dominicensis","BL3"
"Gray Partridge","GRAP","Perdix perdix","Phasianidae","Perdix perdix","BL3"
"Gray Vireo","GRVI","Vireo vicinior","Vireonidae","Vireo vicinior","BL3"
"Gray-cheeked Thrush","GCTH","Catharus minimus","Turdidae","Catharus minimus","BL3"
"Gyrfalcon","GYRF","Falco rusticolus","Falconidae","Falco rusticolus","BL3"
"LeConte's Thrasher","LCTH","Toxostoma lecontei","Mimidae","Toxostoma lecontei","BL3"
"Lesser Prairie-Chicken","LEPC","Tympanuchus pallidicinctus","Phasianidae","Tympanuchus pallidicinctus","BL3"
"Northern Pygmy-Owl","NOPO","Glaucidium gnoma","Strigidae","Glaucidium gnoma","BL3"
"Ruddy Quail-Dove","RUQD","Geotrygon montana","Columbidae","Geotrygon montana","BL3"
"Bank Swallow","BANS","Riparia riparia","Hirundinidae","Riparia riparia","BL3"
"Tricolored Blackbird","TRBL","Agelaius tricolor","Icteridae","Agelaius tricolor","BL3"
"Western Screech-Owl","WESO","Megascops kennicottii","Strigidae","Megascops kennicottii","BL3"
"California Scrub-Jay","CASJ","Aphelocoma californica","Corvidae","Aphelocoma californica","BL3"
"Western Wood-Pewee","WEWP","Contopus sordidulus","Tyrannidae","Contopus sordidulus","BL3"
"Coiba Spinetail","COSP","Cranioleuca dissita","Furnariidae","Cranioleuca dissita","IOC27"
"LeConte's Sparrow","LCSP","Ammospiza leconteii","Passerellidae","Ammodramus leconteii","BL3"
"Eastern Whip-poor-will","EWPW","Antrostomus vociferus","Caprimulgidae","Caprimulgus vociferus","BL3"
"Gray Hawk","GRHA","Buteo plagiatus","Accipitridae","Buteo nitidus","BL3"
"Eastern Yellow Wagtail","EYWA","Motacilla tschutschensis","Motacillidae","Motacilla flava","BL3"
"Thick-billed Longspur","TBLO","Rhynchophanes mccownii","Calcariidae","Calcarius mccownii","BL3"
"Black-throated Gray Warbler","BTYW","Setophaga nigrescens","Parulidae","Dendroica nigrescens","BL3"
"Bicknell's Thrush","BITH","Catharus bicknelli","Turdidae","Catharus bicknelli","BL3"
